Name,Online_Name,Description,Short_Code,Short_Code_2,Sap_Code,HSN_Code,Parent_Category,Category,Category_online_display,Price,Attributes,Active_in_All_Areas,Goods_Services,Rank,Packing_Charges,Allow_Decimal_Qty,Addon_Group_Name,Addon_Group_Selection,Addon_Group_Min,Addon_Group_Max,Variation_group_name,Variation,Variation_Price,Variation_Sap_Code,Variation_Packing_Charges,Variation,Variation_Price,Variation_Sap_Code,Variation_Packing_Charges
"Peri Peri Makhana 60gms[o]","Peri Peri Makhana 60gms",,801[O],,,,,Makhana,,189,veg,No,services,1,0,Yes,,,,
"Lime Pudina Makhana 60gms[o]","Lime Pudina Makhana 60gms",,802[O],,,,,Makhana,,189,veg,No,services,1,0,Yes,,,,
"Mexican Cheese Makhana 60gms[o]","Mexican Cheese Makhana 60gms",,803[O],,,,,Makhana,,189,veg,No,services,1,0,Yes,,,,
"Sour Cream Onion Makhana 60gms[o]","Sour Cream Onion Makhana 60gms",,804[O],,,,,Makhana,,189,veg,No,services,1,0,Yes,,,,
"Bbq Makhana 60gms[o]","BBQ Makhana 60gms",,805[O],,,,,Makhana,,189,veg,No,services,1,0,Yes,,,,
"Masala Peanuts 170gms[o]","Masala Peanuts 170gms",,806[O],,,,,Namkeens,,100,veg,No,services,1,0,Yes,,,,
"Congress Peanuts 170gms[o]","Congress Peanuts 170gms",,807[O],,,,,Namkeens,,100,veg,No,services,1,0,Yes,,,,
"Kodubele 200gms[o]","Kodubele 200gms",,808[O],,,,,Namkeens,,120,veg,No,services,1,0,Yes,,,,
"Masala Chakli 200gms[o]","Masala Chakli 200gms",,809[O],,,,,Namkeens,,140,veg,No,services,1,0,Yes,,,,
"Nippat 200gms[o]","Nippat 200gms",,810[O],,,,,Namkeens,,150,veg,No,services,1,0,Yes,,,,
"Bannana Chips 200gms[o]","Bannana Chips 200gms",,811[O],,,,,Namkeens,,160,veg,No,services,1,0,Yes,,,,
"Sabudana Vada 200gms[o]","Sabudana Vada 200gms",,812[O],,,,,Namkeens,,150,veg,No,services,1,0,Yes,,,,
"Navratan Mixture 150gms[o]","Navratan Mixture 150gms",,813[O],,,,,Namkeens,,130,veg,No,services,1,0,Yes,,,,
"Dryfruit Madras Mixture 100gms[o]","Dryfruit Madras Mixture 100gms",,814[O],,,,,Namkeens,,90,veg,No,services,1,0,Yes,,,,
"Milk Bread 400gms[o]","Milk Bread 400gms",,815[O],,,,,Breads,,55,veg,No,services,1,0,Yes,,,,
"Rusk 250gms[o]","Rusk 250gms",,818[O],,,,,Breads,,90,veg,No,services,1,0,Yes,,,,
"Butter Cookies 180gms[o]","Butter Cookies 180gms",,819[O],,,,,Cookies,,110,veg,No,services,1,0,Yes,,,,
"Salt Cookies 180gms[o]","Salt Cookies 180gms",,820[O],,,,,Cookies,,110,veg,No,services,1,0,Yes,,,,
"Choco Chip Cookies 150gms[o]","Choco Chip Cookies 150gms",,821[O],,,,,Cookies,,110,veg,No,services,1,0,Yes,,,,
"Masala Cookies 120gms[o]","Masala Cookies 120gms",,822[O],,,,,Cookies,,110,veg,No,services,1,0,Yes,,,,
"Coconut Cookies 150gms[o]","Coconut Cookies 150gms",,823[O],,,,,Cookies,,110,veg,No,services,1,0,Yes,,,,
"Cashew Sticks 130gms[o]","Cashew Sticks 130gms",,824[O],,,,,Cookies,,110,veg,No,services,1,0,Yes,,,,
"Plain Cupcake 6pcs[o]","Plain Cupcake 6pcs",,825[O],,,,,Cakes,Cakes,80,veg,No,services,1,0,Yes,,,,
"Chocolate Cup Cake 6pcs[o]","Chocolate Cup Cake 6pcs",,826[O],,,,,Cakes,Cakes,90,veg,No,services,1,0,Yes,,,,
"Blueberry Cupcakes 6pcs[o]","Blueberry Cupcakes 6pcs",,827[O],,,,,Cakes,Cakes,90,veg,No,services,1,0,Yes,,,,
"Plain Tea Cake[o]","Plain Tea Cake",,828[O],,,,,Cakes,Cakes,125,veg,No,services,1,0,Yes,,,,
"Chocolate Tea Cake[o]","Chocolate Tea Cake",,829[O],,,,,Cakes,Cakes,150,veg,No,services,1,0,Yes,,,,
"Kulfi Tea Cake[o]","Kulfi Tea Cake",,830[O],,,,,Cakes,Cakes,170,veg,No,services,1,0,Yes,,,,
"Mix Fruit Tea Cake[o]","Mix Fruit Tea Cake",,831[O],,,,,Cakes,Cakes,150,veg,No,services,1,0,Yes,,,,
"Black Forest Cake","Black Forest Cake",,0,,,,,"Celebration Cakes","Celebration Cakes",0,veg,No,services,1,0,Yes,,,,,Customisation,500Grms,480,,15,1Kg,960,,15
"White Forest Cake","White Forest Cake",,12,,,,,"Celebration Cakes","Celebration Cakes",0,veg,No,services,1,0,Yes,,,,,Customisation,500Grms,480,,15,1Kg,930,,15
"Chocolate Delight Cake","Chocolate Delight Cake",,14,,,,,"Celebration Cakes","Celebration Cakes",0,veg,No,services,1,0,Yes,,,,,Customisation,500Grms,500,,15,1Kg,1000,,15
"Pineapple Cake","Pineapple Cake",,10,,,,,"Celebration Cakes","Celebration Cakes",0,veg,No,services,1,0,Yes,,,,,Customisation,500Grms,450,,15,1Kg,900,,15
"Blueberry Cake","Blueberry Cake",,13,,,,,"Celebration Cakes","Celebration Cakes",0,veg,No,services,1,0,Yes,,,,,Customisation,500Grms,450,,15,1Kg,900,,15
"Irish Coffee Cake","Irish Coffee Cake",,16,,,,,"Celebration Cakes","Celebration Cakes",0,veg,No,services,1,0,Yes,,,,,Customisation,500Grms,500,,15,1Kg,1000,,15
"Alphonso Mango Cake","Alphonso Mango Cake",,19,,,,,"Celebration Cakes","Celebration Cakes",0,veg,No,services,1,0,Yes,,,,,Customisation,500Grms,550,,15,1Kg,1100,,15
"Butterscotch Cake","Butterscotch Cake",,22,,,,,"Celebration Cakes","Celebration Cakes",0,veg,No,services,1,0,Yes,,,,,Customisation,500Grms,450,,15,1Kg,950,,15
"Belgian Truffle Cake","Belgian Truffle Cake",,25,,,,,"Celebration Cakes","Celebration Cakes",0,veg,No,services,1,0,Yes,,,,,Customisation,500Grms,650,,15,1Kg,1300,,15
"Red Velvet Cake","Red Velvet Cake",,28,,,,,"Celebration Cakes","Celebration Cakes",0,veg,No,services,1,0,Yes,,,,,Customisation,500Grms,600,,15,1Kg,1200,,15
"Rasmalai Cake","Rasmalai Cake",,31,,,,,"Celebration Cakes","Celebration Cakes",0,veg,No,services,1,0,Yes,,,,,Customisation,500Grms,550,,15,1Kg,1100,,15
"Choco Velvet Cake","Choco Velvet Cake",,34,,,,,"Celebration Cakes","Celebration Cakes",0,veg,No,services,1,0,Yes,,,,,Customisation,500Grms,550,,15,1Kg,1200,,15
"Honey Almond Cake (500Grms)","Honey Almond Cake (500Grms)",,37,,,,,"Celebration Cakes","Celebration Cakes",600,veg,No,services,1,15,Yes,,,,
"Biscoff Cake (500Grms)","Biscoff Cake (500Grms)",,38,,,,,"Celebration Cakes","Celebration Cakes",600,veg,No,services,1,15,Yes,,,,
"Pista Kunafa Chocolate Cake (500Grms)","Pista Kunafa Chocolate Cake (500Grms)",,39,,,,,"Celebration Cakes","Celebration Cakes",700,veg,No,services,1,15,Yes,,,,
"Hazelnut Cake (500Grms)","Hazelnut Cake (500Grms)",,40,,,,,"Celebration Cakes","Celebration Cakes",700,veg,No,services,1,15,Yes,,,,
"Biscoff Kunafa (500Grms)","Biscoff Kunafa (500Grms)",,41,,,,,"Celebration Cakes","Celebration Cakes",700,veg,No,services,1,15,Yes,,,,
"Caramel Butterscotch Cake (500Grms)","Caramel Butterscotch Cake (500Grms)",,42,,,,,"Celebration Cakes","Celebration Cakes",700,veg,No,services,1,15,Yes,,,,
"Opera Cake (500Grms)","Opera Cake (500Grms)",,43,,,,,"Celebration Cakes","Celebration Cakes",800,veg,No,services,1,15,Yes,,,,
"Black Forest Pastry","Black Forest Pastry",,44,,,,,"Pastry Cakes","Pastry Cakes",85,veg,No,services,1,5,Yes,,,,
"White Forest Pastry","White Forest Pastry",,45,,,,,"Pastry Cakes","Pastry Cakes",85,veg,No,services,1,5,Yes,,,,
"Pineapple Pastry","Pineapple Pastry",,46,,,,,"Pastry Cakes","Pastry Cakes",85,veg,No,services,1,5,Yes,,,,
"Blueberry Pastry","Blueberry Pastry",,47,,,,,"Pastry Cakes","Pastry Cakes",85,veg,No,services,1,5,Yes,,,,
"Butterscotch Pastry","Butterscotch Pastry",,48,,,,,"Pastry Cakes","Pastry Cakes",85,veg,No,services,1,5,Yes,,,,
"Chocolate Truffle Pastry","Chocolate Truffle Pastry",,49,,,,,"Pastry Cakes","Pastry Cakes",110,veg,No,services,1,10,Yes,,,,
"Red Velvet Pastry","Red Velvet Pastry",,50,,,,,"Pastry Cakes","Pastry Cakes",110,veg,No,services,1,10,Yes,,,,
"Choco Velvet Pastry","Choco Velvet Pastry",,51,,,,,"Pastry Cakes","Pastry Cakes",110,veg,No,services,1,10,Yes,,,,
"Biscoff Pastry","Biscoff Pastry",,52,,,,,"Pastry Cakes","Pastry Cakes",115,veg,No,services,1,10,Yes,,,,
"Belgian Truffle Pastry","Belgian Truffle Pastry",,53,,,,,"Pastry Cakes","Pastry Cakes",120,veg,No,services,1,10,Yes,,,,
"Rasmalai Pastry","Rasmalai Pastry",,54,,,,,"Pastry Cakes","Pastry Cakes",110,veg,No,services,1,10,Yes,,,,
"Honey Almond Pastry","Honey Almond Pastry",,55,,,,,"Pastry Cakes","Pastry Cakes",110,veg,No,services,1,10,Yes,,,,
"Mango Pastry","Mango Pastry",,57,,,,,"Pastry Cakes","Pastry Cakes",95,veg,No,services,1,10,Yes,,,,
"Opera Pastry","Opera Pastry","Indulge in layers of delicate almond sponge, rich coffee cream, and velvety chocolate, creating a harmonious symphony of flavors.",58,,,,,"Pastry Cakes","Pastry Cakes",140,veg,No,services,1,10,Yes,,,,
"Pista Kunafa Pastry","Pista Kunafa Pastry","Indulge in layers of flaky pastry filled with rich, nutty flavors and a sumptuous, savory filling that delights the palate.",59,,,,,"Pastry Cakes","Pastry Cakes",150,veg,No,services,1,10,Yes,,,,
"Hazelnut Pastry","Hazelnut Pastry","Indulge in a rich, buttery pastry filled with smooth hazelnut cream, offering a delightful crunch in every bite.",60,,,,,"Pastry Cakes","Pastry Cakes",150,veg,No,services,1,10,Yes,,,,
"Biscoff Kunafa Pastry","Biscoff Kunafa Pastry","Indulge in layers of crispy pastry, harmoniously paired with a rich, caramelized spread that creates a delightful sweet experience.",61,,,,,"Pastry Cakes","Pastry Cakes",150,veg,No,services,1,10,Yes,,,,
"Salted Caramel Chocolate","Salted Caramel Chocolate",,62,,,,,"Pastry Cakes","Pastry Cakes",250,veg,No,services,1,10,Yes,,,,
"Choco Panda","Choco Panda",,63,,,,,"Bento Box","Bento Box",250,veg,No,services,1,0,Yes,,,,
"Red Velvet","Red Velvet",,64,,,,,"Bento Box","Bento Box",250,veg,No,services,1,0,Yes,,,,
"Lotus Biscoff","Lotus Biscoff",,65,,,,,"Bento Box","Bento Box",280,veg,No,services,1,0,Yes,,,,
"Doraemon Cartoon","Doraemon Cartoon",,66,,,,,"Bento Box","Bento Box",280,veg,No,services,1,0,Yes,,,,
"Classic Rasmalai Tres Leches","Classic Rasmalai Tres Leches","Indulge in a luscious, creamy dessert that features soft, Cake soaked in sweet, fragrant milk, creating a heavenly taste experience.",67,,,,,Dessert,Dessert,140,veg,No,services,1,10,Yes,,,,
"Rose Tres Leches","Rose Tres Leches","Indulge in a luscious cake soaked in creamy, sweet milk, adorned with delicate rose flavors for a dreamy dessert experience.",68,,,,,Dessert,Dessert,150,veg,No,services,1,10,Yes,,,,
"Mango Tres Leches","Mango Tres Leches","Indulge in a heavenly treat of moist sponge soaked in a luscious blend of sweet cream and mango Flavour creating a tropical delight.",69,,,,,Dessert,Dessert,150,veg,No,services,1,10,Yes,,,,
"Vanilla Berliner","Vanilla Berliner","Indulge in a soft, pillowy delight filled with luscious vanilla cream, offering a perfect sweetness in every bite.",70,,,,,Dessert,Dessert,80,veg,No,services,1,5,Yes,,,,
"Choco Cookie Berliner","Choco Cookie Berliner",,71,,,,,Dessert,Dessert,100,veg,No,services,1,10,Yes,,,,
"Red Velvet Cookie Berliner","Red Velvet Cookie Berliner",,72,,,,,Dessert,Dessert,100,veg,No,services,1,10,Yes,,,,
"Blueberry Berliner","Blueberry Berliner",,73,,,,,Dessert,Dessert,100,veg,No,services,1,10,Yes,,,,
"Mango Berliner","Mango Berliner",,74,,,,,Dessert,Dessert,100,veg,No,services,1,10,Yes,,,,
"Walnut Brownie","Walnut Brownie","Indulge in a rich, fudgy delight infused with the earthy crunch of walnuts, creating a heavenly dessert experience.",75,,,,,Dessert,Dessert,120,veg,No,services,1,10,Yes,,,,
"Biscoff Brownie","Biscoff Brownie","Indulge in a decadent treat where rich chocolate meets the irresistible crunch of caramelized biscuit, creating a heavenly dessert experience.",76,,,,,Dessert,Dessert,130,veg,No,services,1,10,Yes,,,,
"Hazelnut Brownie","Hazelnut Brownie","Indulge in a rich, fudgy delight with a nutty crunch that melts in your mouth and satisfies every sweet craving.",77,,,,,Dessert,Dessert,130,veg,No,services,1,10,Yes,,,,
"Plain Cheese Cake","Plain Cheese Cake",,79,,,,,Dessert,Dessert,180,veg,No,services,1,10,Yes,,,,
"Blueberry Cheese Cake","Blueberry Cheese Cake","Indulge in a creamy, luscious treat that balances sweet and tangy flavours, topped with a vibrant burst of Blue berries.",80,,,,,Dessert,Dessert,200,veg,No,services,1,10,Yes,,,,
"Hazelnut Cheese Cake","Hazelnut Cheese Cake",,81,,,,,Dessert,Dessert,200,veg,No,services,1,10,Yes,,,,
"Biscoff Cheesecake","Biscoff Cheesecake",,82,,,,,Dessert,Dessert,200,veg,No,services,1,10,Yes,,,,
"Mango Cheese Cake","Mango Cheese Cake",,83,,,,,Dessert,Dessert,200,veg,No,services,1,10,Yes,,,,
Tiramisu,Tiramisu,,84,,,,,Dessert,Dessert,180,veg,No,services,1,10,Yes,,,,
"Mango Tiramisu","Mango Tiramisu",,85,,,,,Dessert,Dessert,180,veg,No,services,1,10,Yes,,,,
"Biscoff Tub","Biscoff Tub",,86,,,,,Dessert,Dessert,160,veg,No,services,1,10,Yes,,,,
"Kunafa Pistachio Chocolate","Kunafa Pistachio Chocolate",,87,,,,,Dessert,Dessert,160,veg,No,services,1,10,Yes,,,,
"Vanilla Muffins","Vanilla Muffins",,88,,,,,Dessert,Dessert,70,veg,No,services,1,5,Yes,,,,
"Chocolate Muffins","Chocolate Muffins",,89,,,,,Dessert,Dessert,80,veg,No,services,1,5,Yes,,,,
"Blueberry Muffins","Blueberry Muffins",,90,,,,,Dessert,Dessert,80,veg,No,services,1,5,Yes,,,,
"Assorted Brownies","Assorted Brownies",,91,,,,,Dessert,Dessert,275,veg,No,services,1,10,Yes,,,,
"Mix Veg Puff","Mix Veg Puff",,1,,,,,Savoury,Savoury,40,veg,No,services,1,0,Yes,,,,
"Cajun Paneer Puff","Cajun Paneer Puff",,2,,,,,Savoury,Savoury,50,veg,No,services,1,5,Yes,,,,
"Chimichurri Mushroom Puff","Chimichurri Mushroom Puff",,3,,,,,Savoury,Savoury,50,veg,No,services,1,5,Yes,,,,
"Korean Bun","Korean Bun",,4,,,,,Savoury,Savoury,120,veg,No,services,1,5,Yes,,,,
"Aloo Bun","Aloo Bun",,5,,,,,Savoury,Savoury,40,veg,No,services,1,5,Yes,,,,
"Flat Bread With Veg Cheesy Creole","Flat Bread With Veg Cheesy Creole",,6,,,,,Savoury,Savoury,70,veg,No,services,1,5,Yes,,,,
"Paneer & Sweet Corn Calzone","Paneer & Sweet Corn Calzone",,7,,,,,Savoury,Savoury,70,veg,No,services,1,5,Yes,,,,
"Paneer Roll","Paneer Roll","Delight in a savory delight, featuring creamy filling wrapped in a soft, warm embrace, perfect for any occasion.",8,,,,,Savoury,Savoury,70,veg,No,services,1,5,Yes,,,,
"Hot Chocolate (classic)","Hot Chocolate (classic)",,101,,,,,Beverages,,100,veg,No,services,1,0,Yes,,,,
"Hot Chocolate (hazelnut)","Hot Chocolate (hazelnut)",,102,,,,,Beverages,,125,veg,No,services,1,0,Yes,,,,
"Water Bottle (500ml)","Water Bottle (500ml)",,103,,,,,Beverages,,10,veg,No,services,1,0,Yes,,,,
"Mix Fruit Candy Can (230G)","Mix Fruit Candy Can (230G)",,104,,,,,FG,"Sugar candies",140,veg,No,services,1,0,Yes,,,,
"Fruit Jelly Can (200 Gm)","Fruit Jelly Can (200 Gm)",,105,,,,,FG,"Sugar candies",140,veg,No,services,1,0,Yes,,,,
"Jelly Belly Can (215G)","Jelly Belly Can (215G)",,106,,,,,FG,"Sugar candies",140,veg,No,services,1,0,Yes,,,,
"Litchi Balls Can (240G)","Litchi Balls Can (240G)",,107,,,,,FG,"Sugar candies",140,veg,No,services,1,0,Yes,,,,
"Mango Slice Can (170G)","Mango Slice Can (170G)",,108,,,,,FG,"Sugar candies",150,veg,No,services,1,0,Yes,,,,
"Madrasi Saunf Can (200 Gm)","Madrasi Saunf Can (200 Gm)",,109,,,,,FG,"Sugar candies",140,veg,No,services,1,0,Yes,,,,
"South Mix Saunf Can (200 Gm)","South Mix Saunf Can (200 Gm)",,110,,,,,FG,"Sugar candies",140,veg,No,services,1,0,Yes,,,,
"Chatpat Goli Can (240G)","Chatpat Goli Can (240G)",,111,,,,,FG,"Sugar candies",140,veg,No,services,1,0,Yes,,,,
"3 In 1 Saunf (95G)","3 In 1 Saunf (95G)",,112,,,,,FG,"Sugar candies",140,veg,No,services,1,0,Yes,,,,
"Orange Jelly Can (200 Gm)","Orange Jelly Can (200 Gm)",,113,,,,,FG,"Sugar candies",140,veg,No,services,1,0,Yes,,,,
"Mix Jelly Can (200 Gm)","Mix Jelly Can (200 Gm)",,114,,,,,FG,"Sugar candies",148,veg,No,services,1,0,Yes,,,,
"Bubblegum Candy Can (220G)","Bubblegum Candy Can (220G)",,115,,,,,FG,"Sugar candies",140,veg,No,services,1,0,Yes,,,,
"Love Treat (95G)","Love Treat (95G)",,116,,,,,FG,"Sugar candies",100,veg,No,services,1,0,Yes,,,,
"Mix Twist (215G)","Mix Twist (215G)",,117,,,,,FG,"Sugar candies",170,veg,No,services,1,0,Yes,,,,
"Fluffy Marsh Mallow (70G)","Fluffy Marsh Mallow (70G)",,118,,,,,FG,"Sugar candies",140,veg,No,services,1,0,Yes,,,,
"Chatpata Amla Can (200 Gm)","Chatpata Amla Can (200 Gm)",,119,,,,,FG,"Sugar candies",140,veg,No,services,1,0,Yes,,,,
"Coconut Rose Peda Can (200 Gm)","Coconut Rose Peda Can (200 Gm)",,120,,,,,FG,"Sugar candies",150,veg,No,services,1,0,Yes,,,,
"Jelly Jelly Can (230G)","Jelly Jelly Can (230G)",,121,,,,,FG,"Sugar candies",160,veg,No,services,1,0,Yes,,,,
"Mango Bite Can (160G)","Mango Bite Can (160G)",,122,,,,,FG,"Sugar candies",160,veg,No,services,1,0,Yes,,,,
"Imli Bite Can (160G)","Imli Bite Can (160G)",,123,,,,,FG,"Sugar candies",160,veg,No,services,1,0,Yes,,,,
"Garlic Chilli (200 Gm)ms","Garlic Chilli (200 Gm)ms",,129,,,,,FG,"Sugar candies",99,veg,No,services,1,0,Yes,,,,
"Baby Salt (200 Gm)Ms","Baby Salt (200 Gm)Ms",,130,,,,,FG,"Sugar candies",120,veg,No,services,1,0,Yes,,,,
"Thenkulal Salt (200 Gm)Ms","Thenkulal Salt (200 Gm)Ms",,131,,,,,FG,"Sugar candies",120,veg,No,services,1,0,Yes,,,,
"Spiral Chilli (200 Gm)Ms","Spiral Chilli (200 Gm)Ms",,132,,,,,FG,"Sugar candies",120,veg,No,services,1,0,Yes,,,,
"Tomato Chilli (200 Gm)Ms","Tomato Chilli (200 Gm)Ms",,133,,,,,FG,"Sugar candies",120,veg,No,services,1,0,Yes,,,,
"Thenkulal Chilli (200 Gm)Ms","Thenkulal Chilli (200 Gm)Ms",,134,,,,,FG,"Sugar candies",120,veg,No,services,1,0,Yes,,,,
"Mullu Muruku Chilli (200 Gm)Ms","Mullu Muruku Chilli (200 Gm)Ms",,135,,,,,FG,"Sugar candies",120,veg,No,services,1,0,Yes,,,,
"Baby Muruku Chilli (200 Gm)Ms","Baby Muruku Chilli (200 Gm)Ms",,136,,,,,FG,"Sugar candies",120,veg,No,services,1,0,Yes,,,,
"Garlic Mixture (100Gms)","Garlic Mixture (100Gms)",,137,,,,,FG,"Sugar candies",120,veg,No,services,1,0,Yes,,,,
"Ribbon Pakoda (150Gms)","Ribbon Pakoda (150Gms)",,138,,,,,FG,"Sugar candies",120,veg,No,services,1,0,Yes,,,,
"Oats & Raisins Coookies (180 Gms)","Oats & Raisins Coookies (180 Gms)",,146,,,,,FG,"Sugar candies",110,veg,No,services,1,0,Yes,,,,
"Red Velvet Cookies (120 Gms)","Red Velvet Cookies (120 Gms)",,151,,,,,Cookies,,110,veg,No,services,1,0,Yes,,,,
"Soanpapdi Cookies (150gms)","Soanpapdi Cookies (150gms)",,157,,,,,Cookies,,110,veg,No,services,1,0,Yes,,,,
"Mixture (150Gms)","Mixture (150Gms)",,159,,,,,FG,"Sugar candies",80,veg,No,services,1,0,Yes,,,,
"Masala Peanuts (170Gms)","Masala Peanuts (170Gms)",,160,,,,,FG,"Sugar candies",100,veg,No,services,1,0,Yes,,,,
"Congress Peanuts ( 170Gms)","Congress Peanuts ( 170Gms)",,161,,,,,FG,"Sugar candies",100,veg,No,services,1,0,Yes,,,,
"Kodubele (200 Gm)Ms","Kodubele (200 Gm)Ms",,162,,,,,FG,"Sugar candies",120,veg,No,services,1,0,Yes,,,,
"Masala Chakli (200 Gm)Ms","Masala Chakli (200 Gm)Ms",,163,,,,,FG,"Sugar candies",140,veg,No,services,1,0,Yes,,,,
"Nippat (200 Gm)Ms","Nippat (200 Gm)Ms",,164,,,,,FG,"Sugar candies",150,veg,No,services,1,0,Yes,,,,
"Bannana Chips (200 Gm)Ms","Bannana Chips (200 Gm)Ms",,165,,,,,FG,"Sugar candies",160,veg,No,services,1,0,Yes,,,,
"Sabudana Vada (200 Gm)Ms","Sabudana Vada (200 Gm)Ms",,166,,,,,FG,"Sugar candies",150,veg,No,services,1,0,Yes,,,,
"Belgian Chocolate Gelato","Belgian Chocolate Gelato",,167,,,,,Gelato,Gelato,99,veg,No,services,1,0,Yes,,,,
"Alphanso Mango Gelato","Alphanso Mango Gelato",,168,,,,,Gelato,Gelato,99,veg,No,services,1,0,Yes,,,,
"Pista Gelato","Pista Gelato",,169,,,,,Gelato,Gelato,99,veg,No,services,1,0,Yes,,,,
"Biscoff Gelato","Biscoff Gelato",,170,,,,,Gelato,Gelato,99,veg,No,services,1,0,Yes,,,,
"Musk Melon Gelato","Musk Melon Gelato",,171,,,,,Gelato,Gelato,99,veg,No,services,1,0,Yes,,,,
"Vanilla Gelato","Vanilla Gelato",,172,,,,,Gelato,Gelato,99,veg,No,services,1,0,Yes,,,,
"Fruit Flavour Gelato","Fruit Flavour Gelato",,173,,,,,Gelato,Gelato,99,veg,No,services,1,0,Yes,,,,
"Farmhouse Pizza","8"" Farmhouse Pizza","A Hearty Mix Of Broccoli, Grilled Zucchini, Baby Corn, Bell Peppers, And Olives, Finished With Mozzarella Cheese",174,,,,,"8 Pizza","8 Pizza",245,veg,No,services,1,15,Yes,"Add On",S,0,1
"Peri Peri Pizza","8"" Peri Peri Pizza","Spicy Peri Peri Paneer With Paprika And Bell Peppers, Finished With Mozzarella Cheese.",11,,,,,"8 Pizza","8 Pizza",275,veg,No,services,1,15,Yes,"Add On",S,0,1
"Double Cheese Margarita","8"" Double Cheese Margarita","Rich Marinara Sauce Finished With A Layer Of Mozzarella Cheese",176,,,,,"8 Pizza","8 Pizza",225,veg,No,services,1,15,Yes,"Add On",S,0,1
"Faboulous 4 Cheese Pizza","8"" Faboulous 4 Cheese Pizza","Sweet Golden Corn, Spicy Jalapenos, And Olives, Finished With A Rich Blend Of Four Cheeses.",177,,,,,"8 Pizza","8 Pizza",275,veg,No,services,1,15,Yes,"Add On",S,0,1
"Grilled Mushroom Pizza","8"" Grilled Mushroom Pizza","Seasoned Mushrooms With Bell Peppers And Olives, Finished With Mozzarella Cheese.",178,,,,,"8 Pizza","8 Pizza",275,veg,No,services,1,15,Yes,"Add On",S,0,1
"Arrabbiata With Fusilli Pasta","Arrabbiata With Fusilli Pasta","Garden Vegetables And Basil In A Spicy Tomato-Based Sauce, Topped With Parmesan Cheese.",180,,,,,Pasta,Pasta,190,veg,No,services,1,10,Yes,,,,
"Alfredo With Penne Pasta","Alfredo With Penne Pasta","A Rich, Creamy White Sauce With Garden-Fresh Vegetables And Herbs, Delicately Topped With Parmesan Cheese.",181,,,,,Pasta,Pasta,190,veg,No,services,1,10,Yes,,,,
"Blend Of Sauces With Fusilli Pasta.","Blend Of Sauces With Fusilli Pasta.","A Rich Blend Of Spicy Tomato And Creamy White Sauce, Combined With Fresh Vegetables And Herbs, Finished With A Topping Of Parmesan Cheese.",182,,,,,Pasta,Pasta,190,veg,No,services,1,10,Yes,,,,
"Pesto With Penne Pasta","Pesto With Penne Pasta","Pesto Sauce With Vegetables And Fresh Cream, Topped With Parmesan Cheese.",183,,,,,Pasta,Pasta,210,veg,No,services,1,10,Yes,,,,
"Gift 1","Gift 1",,184,,,,,"Gift Items","Gift Items",50,veg,No,services,1,0,Yes,,,,
"Gift 2","Gift 2",,185,,,,,"Gift Items","Gift Items",0,veg,No,services,1,0,Yes,,,,
"Gidt 3","Gidt 3",,186,,,,,"Gift Items","Gift Items",100,veg,No,services,1,0,Yes,,,,
"Gift 4","Gift 4",,187,,,,,"Gift Items","Gift Items",0,veg,No,services,1,0,Yes,,,,
"Gift 5","Gift 5",,188,,,,,"Gift Items","Gift Items",150,veg,No,services,1,0,Yes,,,,
"Gift 6","Gift 6",,189,,,,,"Gift Items","Gift Items",200,veg,No,services,1,0,Yes,,,,
"Parcel 5","Parcel 5",,555,,,,,"Parcel Charges",,5,veg,No,services,1,0,Yes,,,,
"Parcel 10","parcel 10",,666,,,,,"Parcel Charges",,10,veg,No,services,1,0,Yes,,,,
"Opera Cake","opera cake",,"opera cake",,,,,"Pastry Cakes","Pastry Cakes",190,veg,No,services,1,10,Yes,,,,
"Masala Chips","masala chips",,"masala chips",,,,,FG,"Sugar candies",70,veg,No,services,1,0,Yes,,,,
"Salted Chips","salted chips",,"salted chips",,,,,FG,"Sugar candies",70,veg,No,services,1,0,Yes,,,,
"Navratan Mixture","navratan mixture",,"navratan mixture",,,,,FG,"Sugar candies",130,veg,No,services,1,0,Yes,,,,
"Chocolate Donut","chocolate donut",,"chocolate donut",,,,,Cakes,Cakes,100,veg,No,services,1,0,Yes,,,,
"Caramal Donut","caremal donut",,"caremal donut",,,,,Cakes,Cakes,100,veg,No,services,1,0,Yes,,,,
"Swiss Roll","swiss roll",,"swiss roll",,,,,Cakes,Cakes,100,veg,No,services,1,0,Yes,,,,
"Little Heart","little heart",,"little heart",,,,,Cakes,Cakes,60,veg,No,services,1,0,Yes,,,,
"Half Pound Bread","half pound bread",,"half pound bread",,,,,Breads,,30,veg,No,services,1,0,Yes,,,,
"Plain Cup Cake","plain cup cake",,"plain cup cake",,,,,Cakes,Cakes,80,veg,No,services,1,0,Yes,,,,
"Vanilla Tea Cake","vanilla tea cake",,"vanilla tea cake",,,,,Cakes,Cakes,125,veg,No,services,1,0,Yes,,,,
"Milk Cadbury Cracker Balls","milk cadbury cracker balls",,"milk cadbury cracker",,,,,FG,"Sugar candies",149,veg,No,services,1,0,Yes,,,,
"Rose Petal Cashew Coated Chocolate","rose petal cashew coated chocolate",,"rose petal cashew co",,,,,FG,"Sugar candies",199,veg,No,services,1,0,Yes,,,,
"Pista Kulfi Almond Coated Chocolate","pista kulfi almond coated chocolate",,"pista kulfi almond c",,,,,FG,"Sugar candies",199,veg,No,services,1,0,Yes,,,,
"Mango Cashew Coated Chocolate","mango cashew coated chocolate",,"mango cashew coated",,,,,FG,"Sugar candies",199,veg,No,services,1,0,Yes,,,,
"Oreo Almond Coated Chocolate","oreo almond coated chocolate",,"oreo almond coated c",,,,,FG,"Sugar candies",199,veg,No,services,1,0,Yes,,,,
"Biscoff Almond Coated Chocolate","biscoff almond coated chocolate",,"biscoff almond coate",,,,,FG,"Sugar candies",199,veg,No,services,1,0,Yes,,,,
"Assorted Bites (6pcs)","assorted bites (6pcs)",,"assorted bites (6pcs",,,,,Hampers,,275,veg,No,services,1,0,Yes,,,,
"Assorted Bites (9pcs)","assorted bites (9pcs)",,"assorted bites (9pc)",,,,,Hampers,,400,veg,No,services,1,0,Yes,,,,
"Hazulnut Cookies","hazulnut cookies",,"hazulnut cookies",,,,,Cookies,,100,veg,No,services,1,0,Yes,,,,
"Pista Cookies","pista cookies",,"pista cookies",,,,,Cookies,,150,veg,No,services,1,0,Yes,,,,
"Chocolate Cookies","chocolate cookies",,"chocolate cookies",,,,,Cookies,,100,veg,No,services,1,0,Yes,,,,
"Biscoff Cookies","biscoff cookies",,"biscoff cookies",,,,,Cookies,,100,veg,No,services,1,0,Yes,,,,
"Assorted Cookies","assorted cookies",,"assorted cookies",,,,,Cookies,,250,veg,No,services,1,0,Yes,,,,
"Pesto Pizza","pest pizza",,"pest pizza",,,,,"8 Pizza","8 Pizza",325,veg,No,services,1,0,Yes,,,,
"Veg Small Puff","veg small puff",,"veg small puff",,,,,Savoury,Savoury,30,veg,No,services,1,0,Yes,,,,
"Snack Box","snack box",,"snack box",,,,,Savoury,Savoury,100,veg,No,services,1,0,Yes,,,,
"Veg Panini Sandwitch","veg panini sandwich",,"veg panini sandwich",,,,,Savoury,Savoury,120,veg,No,services,1,0,Yes,,,,
"Paneer Panini Sandwitch","panner pa",,"panner pa",,,,,Savoury,Savoury,140,veg,No,services,1,0,Yes,,,,
